<?xml version="1.0" encoding="UTF-8" ?>
<!DOCTYPE mapper PUBLIC "-//mybatis.org//DTD Mapper 3.0//EN" "http://mybatis.org/dtd/mybatis-3-mapper.dtd" >
<mapper namespace="com.igeek.zncq.mapper.TicketMapper" >
  <resultMap id="BaseResultMap" type="com.igeek.zncq.entity.Ticket" >
    <result column="id" property="id" jdbcType="INTEGER" />
    <result column="order_no" property="orderNo" jdbcType="VARCHAR" />
    <result column="payType" property="paytype" jdbcType="VARCHAR" />
    <result column="deposit" property="deposit" jdbcType="DECIMAL" />
    <result column="total" property="total" jdbcType="DECIMAL" />
  </resultMap>
  <sql id="Example_Where_Clause" >
    <where >
      <foreach collection="oredCriteria" item="criteria" separator="or" >
        <if test="criteria.valid" >
          <trim prefix="(" suffix=")" prefixOverrides="and" >
            <foreach collection="criteria.criteria" item="criterion" >
              <choose >
                <when test="criterion.noValue" >
                  and ${criterion.condition}
                </when>
                <when test="criterion.singleValue" >
                  and ${criterion.condition} #{criterion.value}
                </when>
                <when test="criterion.betweenValue" >
                  and ${criterion.condition} #{criterion.value} and #{criterion.secondValue}
                </when>
                <when test="criterion.listValue" >
                  and ${criterion.condition}
                  <foreach collection="criterion.value" item="listItem" open="(" close=")" separator="," >
                    #{listItem}
                  </foreach>
                </when>
              </choose>
            </foreach>
          </trim>
        </if>
      </foreach>
    </where>
  </sql>
  <sql id="Update_By_Example_Where_Clause" >
    <where >
      <foreach collection="example.oredCriteria" item="criteria" separator="or" >
        <if test="criteria.valid" >
          <trim prefix="(" suffix=")" prefixOverrides="and" >
            <foreach collection="criteria.criteria" item="criterion" >
              <choose >
                <when test="criterion.noValue" >
                  and ${criterion.condition}
                </when>
                <when test="criterion.singleValue" >
                  and ${criterion.condition} #{criterion.value}
                </when>
                <when test="criterion.betweenValue" >
                  and ${criterion.condition} #{criterion.value} and #{criterion.secondValue}
                </when>
                <when test="criterion.listValue" >
                  and ${criterion.condition}
                  <foreach collection="criterion.value" item="listItem" open="(" close=")" separator="," >
                    #{listItem}
                  </foreach>
                </when>
              </choose>
            </foreach>
          </trim>
        </if>
      </foreach>
    </where>
  </sql>
  <sql id="Base_Column_List" >
    id, order_no, payType, deposit, total
  </sql>
  <select id="selectByExample" resultMap="BaseResultMap" parameterType="com.igeek.zncq.entity.TicketExample" >
    select
    <if test="distinct" >
      distinct
    </if>
    <include refid="Base_Column_List" />
    from ticket
    <if test="_parameter != null" >
      <include refid="Example_Where_Clause" />
    </if>
    <if test="orderByClause != null" >
      order by ${orderByClause}
    </if>
  </select>
  <delete id="deleteByExample" parameterType="com.igeek.zncq.entity.TicketExample" >
    delete from ticket
    <if test="_parameter != null" >
      <include refid="Example_Where_Clause" />
    </if>
  </delete>
  <insert id="insert" parameterType="com.igeek.zncq.entity.Ticket" >
    insert into ticket (id, order_no, payType, 
      deposit, total)
    values (#{id,jdbcType=INTEGER}, #{orderNo,jdbcType=VARCHAR}, #{paytype,jdbcType=VARCHAR}, 
      #{deposit,jdbcType=DECIMAL}, #{total,jdbcType=DECIMAL})
  </insert>
  <insert id="insertSelective" parameterType="com.igeek.zncq.entity.Ticket" >
    insert into ticket
    <trim prefix="(" suffix=")" suffixOverrides="," >
      <if test="id != null" >
        id,
      </if>
      <if test="orderNo != null" >
        order_no,
      </if>
      <if test="paytype != null" >
        payType,
      </if>
      <if test="deposit != null" >
        deposit,
      </if>
      <if test="total != null" >
        total,
      </if>
    </trim>
    <trim prefix="values (" suffix=")" suffixOverrides="," >
      <if test="id != null" >
        #{id,jdbcType=INTEGER},
      </if>
      <if test="orderNo != null" >
        #{orderNo,jdbcType=VARCHAR},
      </if>
      <if test="paytype != null" >
        #{paytype,jdbcType=VARCHAR},
      </if>
      <if test="deposit != null" >
        #{deposit,jdbcType=DECIMAL},
      </if>
      <if test="total != null" >
        #{total,jdbcType=DECIMAL},
      </if>
    </trim>
  </insert>
  <select id="countByExample" parameterType="com.igeek.zncq.entity.TicketExample" resultType="java.lang.Integer" >
    select count(*) from ticket
    <if test="_parameter != null" >
      <include refid="Example_Where_Clause" />
    </if>
  </select>
  <update id="updateByExampleSelective" parameterType="map" >
    update ticket
    <set >
      <if test="record.id != null" >
        id = #{record.id,jdbcType=INTEGER},
      </if>
      <if test="record.orderNo != null" >
        order_no = #{record.orderNo,jdbcType=VARCHAR},
      </if>
      <if test="record.paytype != null" >
        payType = #{record.paytype,jdbcType=VARCHAR},
      </if>
      <if test="record.deposit != null" >
        deposit = #{record.deposit,jdbcType=DECIMAL},
      </if>
      <if test="record.total != null" >
        total = #{record.total,jdbcType=DECIMAL},
      </if>
    </set>
    <if test="_parameter != null" >
      <include refid="Update_By_Example_Where_Clause" />
    </if>
  </update>
  <update id="updateByExample" parameterType="map" >
    update ticket
    set id = #{record.id,jdbcType=INTEGER},
      order_no = #{record.orderNo,jdbcType=VARCHAR},
      payType = #{record.paytype,jdbcType=VARCHAR},
      deposit = #{record.deposit,jdbcType=DECIMAL},
      total = #{record.total,jdbcType=DECIMAL}
    <if test="_parameter != null" >
      <include refid="Update_By_Example_Where_Clause" />
    </if>
  </update>
</mapper>