<?xml version="1.0" encoding="UTF-8" ?>
<!DOCTYPE mapper PUBLIC "-//mybatis.org//DTD Mapper 3.0//EN" "http://mybatis.org/dtd/mybatis-3-mapper.dtd" >
<mapper namespace="com.igeek.zncq.mapper.VehicleMapper" >
  <resultMap id="BaseResultMap" type="com.igeek.zncq.entity.Vehicle" >
    <id column="id" property="id" jdbcType="INTEGER" />
    <result column="name" property="name" jdbcType="VARCHAR" />
    <result column="admin" property="admin" jdbcType="VARCHAR" />
    <result column="phone" property="phone" jdbcType="VARCHAR" />
    <result column="max_num" property="maxNum" jdbcType="BIGINT" />
    <result column="vehicle_no" property="vehicleNo" jdbcType="VARCHAR" />
    <result column="pic" property="pic" jdbcType="VARCHAR" />
  </resultMap>
  <sql id="Example_Where_Clause" >
    <where >
      <foreach collection="oredCriteria" item="criteria" separator="or" >
        <if test="criteria.valid" >
          <trim prefix="(" suffix=")" prefixOverrides="and" >
            <foreach collection="criteria.criteria" item="criterion" >
              <choose >
                <when test="criterion.noValue" >
                  and ${criterion.condition}
                </when>
                <when test="criterion.singleValue" >
                  and ${criterion.condition} #{criterion.value}
                </when>
                <when test="criterion.betweenValue" >
                  and ${criterion.condition} #{criterion.value} and #{criterion.secondValue}
                </when>
                <when test="criterion.listValue" >
                  and ${criterion.condition}
                  <foreach collection="criterion.value" item="listItem" open="(" close=")" separator="," >
                    #{listItem}
                  </foreach>
                </when>
              </choose>
            </foreach>
          </trim>
        </if>
      </foreach>
    </where>
  </sql>
  <sql id="Update_By_Example_Where_Clause" >
    <where >
      <foreach collection="example.oredCriteria" item="criteria" separator="or" >
        <if test="criteria.valid" >
          <trim prefix="(" suffix=")" prefixOverrides="and" >
            <foreach collection="criteria.criteria" item="criterion" >
              <choose >
                <when test="criterion.noValue" >
                  and ${criterion.condition}
                </when>
                <when test="criterion.singleValue" >
                  and ${criterion.condition} #{criterion.value}
                </when>
                <when test="criterion.betweenValue" >
                  and ${criterion.condition} #{criterion.value} and #{criterion.secondValue}
                </when>
                <when test="criterion.listValue" >
                  and ${criterion.condition}
                  <foreach collection="criterion.value" item="listItem" open="(" close=")" separator="," >
                    #{listItem}
                  </foreach>
                </when>
              </choose>
            </foreach>
          </trim>
        </if>
      </foreach>
    </where>
  </sql>
  <sql id="Base_Column_List" >
    id, name, admin, phone, max_num, vehicle_no, pic
  </sql>
  <select id="selectByExample" resultMap="BaseResultMap" parameterType="com.igeek.zncq.entity.VehicleExample" >
    select
    <if test="distinct" >
      distinct
    </if>
    <include refid="Base_Column_List" />
    from vehicle
    <if test="_parameter != null" >
      <include refid="Example_Where_Clause" />
    </if>
    <if test="orderByClause != null" >
      order by ${orderByClause}
    </if>
  </select>
  <select id="selectByPrimaryKey" resultMap="BaseResultMap" parameterType="java.lang.Integer" >
    select 
    <include refid="Base_Column_List" />
    from vehicle
    where id = #{id,jdbcType=INTEGER}
  </select>
  <delete id="deleteByPrimaryKey" parameterType="java.lang.Integer" >
    delete from vehicle
    where id = #{id,jdbcType=INTEGER}
  </delete>
  <delete id="deleteByExample" parameterType="com.igeek.zncq.entity.VehicleExample" >
    delete from vehicle
    <if test="_parameter != null" >
      <include refid="Example_Where_Clause" />
    </if>
  </delete>
    <delete id="deleteByIdForOrderGood">
      delete from `order_good`
            <where>
                vehicle_id in
              <foreach collection="ids" item="id" open="(" separator="," close=")">
                #{id}
              </foreach>
            </where>
    </delete>
    <insert id="insert" parameterType="com.igeek.zncq.entity.Vehicle" >
    insert into vehicle (id, name, admin, 
      phone, max_num, vehicle_no, 
      pic)
    values (#{id,jdbcType=INTEGER}, #{name,jdbcType=VARCHAR}, #{admin,jdbcType=VARCHAR}, 
      #{phone,jdbcType=VARCHAR}, #{maxNum,jdbcType=BIGINT}, #{vehicleNo,jdbcType=VARCHAR}, 
      #{pic,jdbcType=VARCHAR})
  </insert>
  <insert id="insertSelective" useGeneratedKeys="true" keyProperty="id" parameterType="com.igeek.zncq.entity.Vehicle" >
    insert into vehicle
    <trim prefix="(" suffix=")" suffixOverrides="," >
      <if test="id != null" >
        id,
      </if>
      <if test="name != null" >
        name,
      </if>
      <if test="admin != null" >
        admin,
      </if>
      <if test="phone != null" >
        phone,
      </if>
      <if test="maxNum != null" >
        max_num,
      </if>
      <if test="vehicleNo != null" >
        vehicle_no,
      </if>
      <if test="pic != null" >
        pic,
      </if>
    </trim>
    <trim prefix="values (" suffix=")" suffixOverrides="," >
      <if test="id != null" >
        #{id,jdbcType=INTEGER},
      </if>
      <if test="name != null" >
        #{name,jdbcType=VARCHAR},
      </if>
      <if test="admin != null" >
        #{admin,jdbcType=VARCHAR},
      </if>
      <if test="phone != null" >
        #{phone,jdbcType=VARCHAR},
      </if>
      <if test="maxNum != null" >
        #{maxNum,jdbcType=BIGINT},
      </if>
      <if test="vehicleNo != null" >
        #{vehicleNo,jdbcType=VARCHAR},
      </if>
      <if test="pic != null" >
        #{pic,jdbcType=VARCHAR},
      </if>
    </trim>
  </insert>
    <insert id="addVehicleState">
      insert into vehicle_state values (#{vehicleId},0);
    </insert>
    <select id="countByExample" parameterType="com.igeek.zncq.entity.VehicleExample" resultType="java.lang.Integer" >
    select count(*) from vehicle
    <if test="_parameter != null" >
      <include refid="Example_Where_Clause" />
    </if>
  </select>
  <select id="selectByMaxNum" resultType="com.igeek.zncq.entity.Vehicle">
    select v.id , v.name ,v.phone ,v.admin,v.max_num,v.vehicle_no
        from vehicle v join vehicle_state vs on v.id = vs.vehicle_id
            where vs.state = 0 and v.max_num > #{maxNum};
  </select>
    <select id="selectAll" resultType="com.igeek.zncq.entity.Vehicle">
      select v.id , v.name ,v.phone ,v.admin,v.max_num,v.vehicle_no
      from vehicle v join vehicle_state vs on v.id = vs.vehicle_id
      where vs.state = 0
    </select>
  <select id="selectAll2" resultType="com.igeek.zncq.entity.Vehicle">
    select v.id , v.name ,v.phone ,v.admin,v.max_num,v.vehicle_no
    from vehicle v join vehicle_state vs on v.id = vs.vehicle_id
    where vs.state = 1
  </select>
  <update id="updateByExampleSelective" parameterType="map" >
    update vehicle
    <set >
      <if test="record.id != null" >
        id = #{record.id,jdbcType=INTEGER},
      </if>
      <if test="record.name != null" >
        name = #{record.name,jdbcType=VARCHAR},
      </if>
      <if test="record.admin != null" >
        admin = #{record.admin,jdbcType=VARCHAR},
      </if>
      <if test="record.phone != null" >
        phone = #{record.phone,jdbcType=VARCHAR},
      </if>
      <if test="record.maxNum != null" >
        max_num = #{record.maxNum,jdbcType=BIGINT},
      </if>
      <if test="record.vehicleNo != null" >
        vehicle_no = #{record.vehicleNo,jdbcType=VARCHAR},
      </if>
      <if test="record.pic != null" >
        pic = #{record.pic,jdbcType=VARCHAR},
      </if>
    </set>
    <if test="_parameter != null" >
      <include refid="Update_By_Example_Where_Clause" />
    </if>
  </update>
  <update id="updateByExample" parameterType="map" >
    update vehicle
    set id = #{record.id,jdbcType=INTEGER},
      name = #{record.name,jdbcType=VARCHAR},
      admin = #{record.admin,jdbcType=VARCHAR},
      phone = #{record.phone,jdbcType=VARCHAR},
      max_num = #{record.maxNum,jdbcType=BIGINT},
      vehicle_no = #{record.vehicleNo,jdbcType=VARCHAR},
      pic = #{record.pic,jdbcType=VARCHAR}
    <if test="_parameter != null" >
      <include refid="Update_By_Example_Where_Clause" />
    </if>
  </update>
  <update id="updateByPrimaryKeySelective" parameterType="com.igeek.zncq.entity.Vehicle" >
    update vehicle
    <set >
      <if test="name != null" >
        name = #{name,jdbcType=VARCHAR},
      </if>
      <if test="admin != null" >
        admin = #{admin,jdbcType=VARCHAR},
      </if>
      <if test="phone != null" >
        phone = #{phone,jdbcType=VARCHAR},
      </if>
      <if test="maxNum != null" >
        max_num = #{maxNum,jdbcType=BIGINT},
      </if>
      <if test="vehicleNo != null" >
        vehicle_no = #{vehicleNo,jdbcType=VARCHAR},
      </if>
      <if test="pic != null" >
        pic = #{pic,jdbcType=VARCHAR},
      </if>
    </set>
    where id = #{id,jdbcType=INTEGER}
  </update>
  <update id="updateByPrimaryKey" parameterType="com.igeek.zncq.entity.Vehicle" >
    update vehicle
    set name = #{name,jdbcType=VARCHAR},
      admin = #{admin,jdbcType=VARCHAR},
      phone = #{phone,jdbcType=VARCHAR},
      max_num = #{maxNum,jdbcType=BIGINT},
      vehicle_no = #{vehicleNo,jdbcType=VARCHAR},
      pic = #{pic,jdbcType=VARCHAR}
    where id = #{id,jdbcType=INTEGER}
  </update>
  <update id="updateVehicleState">
    update `vehicle_state` set state = #{state} where vehicle_id = #{vehicleId}
</update>
</mapper>